{"cameraMode":{"drawMode":0,"name":"Shaded","section":"Shading Mode"},"sceneLighting":false,"audioPlay":false,"sceneViewState":{"m_AlwaysRefresh":false,"showFog":true,"showSkybox":false,"showFlares":true,"showImageEffects":true,"showParticleSystems":true,"showVisualEffectGraphs":true,"m_FxEnabled":true},"in2DMode":false,"pivot":{"x":0.04418918490409851,"y":0.9967048168182373,"z":-5.960464477539063e-8},"rotation":{"x":-0.25351813435554507,"y":-0.7445997595787048,"z":0.4701390862464905,"w":-0.40067362785339358},"size":1.2148504257202149,"orthographic":false}