{"cameraMode":{"drawMode":0,"name":"Shaded","section":"Shading Mode"},"sceneLighting":false,"audioPlay":false,"sceneViewState":{"m_AlwaysRefresh":false,"showFog":true,"showSkybox":false,"showFlares":true,"showImageEffects":true,"showParticleSystems":true,"showVisualEffectGraphs":true,"m_FxEnabled":true},"in2DMode":false,"pivot":{"x":0.14150476455688477,"y":3.2534422874450685,"z":0.15557503700256349},"rotation":{"x":0.45439988374710085,"y":0.4313278794288635,"z":-0.267463356256485,"w":0.7322552800178528},"size":6.286106586456299,"orthographic":false}