{"cameraMode":{"drawMode":0,"name":"Shaded","section":"Shading Mode"},"sceneLighting":false,"audioPlay":false,"sceneViewState":{"m_AlwaysRefresh":false,"showFog":true,"showSkybox":false,"showFlares":true,"showImageEffects":true,"showParticleSystems":true,"showVisualEffectGraphs":true,"m_FxEnabled":true},"in2DMode":false,"pivot":{"x":-0.14541923999786378,"y":1.4102394580841065,"z":-0.16419368982315064},"rotation":{"x":0.1498556286096573,"y":0.841930091381073,"z":-0.29565179347991946,"w":0.42607876658439639},"size":1.8761581182479859,"orthographic":false}