{"cameraMode":{"drawMode":0,"name":"Shaded","section":"Shading Mode"},"sceneLighting":true,"audioPlay":false,"sceneViewState":{"m_AlwaysRefresh":false,"showFog":true,"showSkybox":true,"showFlares":true,"showImageEffects":true,"showParticleSystems":true,"showVisualEffectGraphs":true,"m_FxEnabled":true},"in2DMode":false,"pivot":{"x":220.72694396972657,"y":162.71612548828126,"z":248.74720764160157},"rotation":{"x":0.18454556167125703,"y":-0.3615995943546295,"z":-0.07392929494380951,"w":-0.9110817909240723},"size":206.16281127929688,"orthographic":false}