{"cameraMode":{"drawMode":0,"name":"Shaded","section":"Shading Mode"},"sceneLighting":false,"audioPlay":false,"sceneViewState":{"m_AlwaysRefresh":false,"showFog":true,"showSkybox":false,"showFlares":true,"showImageEffects":true,"showParticleSystems":true,"showVisualEffectGraphs":true,"m_FxEnabled":true},"in2DMode":false,"pivot":{"x":-0.298494815826416,"y":4.716176509857178,"z":-0.11325430870056153},"rotation":{"x":0.057756274938583377,"y":0.7669037580490112,"z":-0.06927892565727234,"w":0.6355937123298645},"size":6.2818522453308109,"orthographic":false}